Topic,Category,Search_Volume,Dominant_Intent,Affiliate_Commission_Range,Difficulty_Level,Monetization_Score
best crypto exchange 2026 no KYC required,Crypto Exchange Review,45000,Buying,40-70%,Medium-High,9.8
MEXC vs Bybit which exchange is better review,Exchange Comparison,32000,Buying,40-70%,Medium,9.6
how to trade crypto with AI tools 2026,Crypto Trading Tools,25000,Buying,15-40%,Medium,9.2
best cryptocurrency exchange for beginners low fees,Crypto Exchange Review,38000,Buying,40-70%,Low,9.5
top 5 crypto exchanges accepting Iranians 2026,Iran-Friendly Crypto,28000,Buying,40-70%,Medium-High,9.7
how to accept crypto payments on website no KYC,Crypto Payment Gateway,18500,Buying,1-15% as merchant,Medium,8.8
BTCPay Server vs NOWPayments comparison guide,Crypto Payment Gateway,12400,Researching,Free-SaaS,Low,9.1
best crypto payment processor for merchants 2026,Crypto Payment Gateway,9500,Buying,1% as merchant,Medium,8.5
how to start BTCPay Server self-hosted guide,BTCPay Tutorial,7800,Informational,Free (self-hosted),Medium-High,8.3
best AI trading bot for crypto 2026 review,Crypto Trading Tools,22000,Buying,15-40%,Medium,9.3
crypto portfolio tracker free vs premium comparison,Fintech Software,14200,Researching,10-30%,Low,8.6
TradingView vs CoinMarketCap which is better,Fintech Software,19800,Researching,0-20%,Low,8.9
best crypto wallet hardware secure 2026,Crypto Hardware,16500,Buying,3-8% per sale,Medium,9.0
how to buy Bitcoin from Iran step by step guide,Iran Crypto Guide,42000,Informational,0-70%,Low,9.4
crypto tax rules for Iranian residents explained,Iran Tax Guide,15000,Informational,0% info - ads only,Medium,7.5
what is DeFi and how to get started 2026,Defi Education,35000,Informational,10-50% referral,Low,8.4
best staking platforms for passive crypto income,DeFi Staking,21000,Buying,10-25%,Medium,9.1
crypto mining profitability calculator 2026 guide,Crypto Mining,13500,Researching,0% - affiliate tools,Medium-High,7.8
how to earn money with Telegram channel crypto,Telegram Monetization,28000,Buying,Varies,Scheduled Content,8.2
best ad networks for crypto content publishers,Ad Networks,8900,Researching,$5 min payout in crypto,Low,7.6

